N5325BAINITE,N5440MARTENSITE
1.538461527928636,2.3605205366013364
1.1584606677985285,10.452380344286901
4.035714097582205,2.9946238681938575
2.531548911031083,2.9285713459980047
1.4101266156993537,6.409594405814203
7.230769230769231,1.0181817397120494
4.98757669611901,8.54275948483461
4.147559754776966,4.502262096203464
3.354147456655918,5.165824261179254
5.057111042499618,2.5895952000271376
1.6844977710616602,4.870967857324659
1.66639473543845,5.881234933261004
1.2567049420337395,4.405386667079846
1.9757279903944076,2.396039423031158
1.2347947455493107,2.0734967374282633
1.0666666666666667,6.318995741253776
1.655737733914517,2.2815126485192474
1.5622408399863794,1.586854554658433
2.09867162518007,5.478017282595181
1.1584606677985285,2.067401868914193
1.9911108232904984,1.0394020682735665
3.0000001037460953,2.233256358977453
1.9251663456697,6.266667864044213
3.6030447341884186,1.1584606677985285
1.6627217979621938,4.336026016146982
1.3832922762829574,3.8582790491679635
1.4376194892458032,4.62745193846008
1.0714285851908079,1.590753522257601
5.858407421516116,6.208053271844937
2.4049029041801964,2.1928164717558705
3.5029943569233493,2.558482302839902
1.9131334103835942,2.3183232137026275
2.51724160289429,1.0588235294117647
1.4661653925076048,2.7630902421921824
2.1696971911109255,1.9664634468769904
2.7249998907103707,2.165354245452035
2.028368696164001,2.188678959838878
3.1052631578947367,2.8934911540100297
1.1584606677985285,2.660777393006995
2.9893617636480676,3.9698431831045586
2.0769233527523254,2.121212433307839
2.6279072904460694,4.317072829380823
1.9692309877154426,4.799677280910525
2.0342575738539477,10.8
3.3549569506335013,5.475268647561728
2.0,7.542373566408925
2.1775901110505234,2.5789474314306418
2.314102516442862,3.9917239624695653
1.2394365704898551,8.633423434205534
3.1237112986495483,1.1584606677985285
3.4994246266638678,6.166666666666667
1.987013020583854,1.9532709229432599
2.235294117647059,2.227272727272727
3.884614967512137,1.75
2.119465645618541,3.7796608008217256
1.8102563885209841,3.517412856661072
2.4285714285714284,3.494219952888822
2.6962965699362034,1.1399999068713789
2.1363636363636362,1.3759688808087762
3.386727564042569,3.1
1.2150538116049596,4.653543291023832
2.151515270448564,2.0358091807646046
2.184579411331217,1.05695372138129
2.623853225400376,6.023034939027625
3.6381461740091736,1.9331564955147944
3.6366610225066625,2.6666666666666665
4.592635067392679,2.6377684141175064
1.6619717712544877,4.137970608553833
2.877105738889602,2.899999859885487
3.188870330047109,3.4009815210840166
1.2291666870004767,1.8937382840705945
3.4820416882806295,2.037037177406381
3.0409712662775155,1.7343617505563378
2.42763610500573,6.179828171168842
2.8674184485934395,6.0484696008301775
1.69448003774374,1.8101029542024285
1.1994218963019154,2.235954943412849
2.527027212593286,2.302670936615615
1.984375146911453,1.7243975962861136
1.0594795356624094,4.811775016505377
3.4271605709980624,3.5196076119093305
1.3884892492900158,5.907744456018203
3.5043733537320523,2.919778899913706
3.1514566983223906,2.2380399165872022
2.7038833902546924,5.26220546238177
1.4128034838967172,3.0327227116803352
1.2692307692307692,1.0847456847702104
3.824106629756524,2.9375002666870516
2.3289255656541066,2.0416663695195885
1.0785714156144464,1.917241380287409
3.349077431321989,4.758675332683356
1.0786162952977734,1.5975360046389449
3.8932857799897804,6.850077403746718
1.0,2.161971872132364
1.2199488582441405,5.316998062762711
2.736220497492444,3.007474098390945
1.8344989136948147,1.988326834898994
1.2,2.0261095104913864
1.9144327843545623,2.008968634328534
3.070175358769679,3.4250002239104838
1.6107381568161019,3.9435798072073815
1.1151162678534088,2.2930232900034886
2.133333117541469,2.3181818181818183
1.3846153846153846,2.701320012809722
1.080717472538937,3.7826086752559656
2.7666664149094915,6.199012455065512
2.193588193656085,1.945288947254909
5.09475238081139,2.0465394253132856
1.2707181785260284,7.27122036571322
1.75,2.600000161843913
2.4418608662977923,8.168367311041143
1.7741936410136823,3.176470588235294
4.105263157894737,3.654104970930255
2.4348696299184476,4.8690685314020765
1.8999999083869956,2.2907663729309475
1.0000001172781983,3.361673209362127
1.2045454545454546,1.3076922414113652
1.4591834794028185,4.235294117647059
1.728506706223782,7.697054546659577
1.4734176829436492,4.458333366188137
1.6420454319326563,1.6355264211702658
1.9871072597956922,2.2787160940620463
1.6447366332560234,6.972972941819131
2.998813577542128,3.6387616497260504
2.6326301656387607,4.1562918055591
2.9999998827218155,1.8843372192301027
2.1044775340327955,5.448863566444754
1.9335639608246638,1.9516342085228733
1.0584467210019373,3.3983472044592293
3.642857142857143,1.6931818009179487
3.4362933916226948,3.9634080764442983
4.471840143198904,2.859004617400384
4.525575441355343,2.2321303576562515
1.75,3.577464642443699
2.1904761904761907,2.3269232087277745
2.764705882352941,2.5161000072813287
3.2205881102412452,1.816216268503504
4.825569149540787,4.884953286430757
1.6925133508851307,1.8163267260082412
1.3461538461538463,3.5000002593652377
1.0735294412800103,3.359999956841627
3.6904762623499954,2.864682060220037
1.0227272727272727,3.056489999839529
1.2676056525310333,1.7451924405668306
3.7726337018688207,3.1991342897550066
1.8027522765570085,1.0571428571428572
2.7694753882464385,4.858422449492003
1.4919353897624352,2.5844990449928327
1.047258857612482,2.510204252641742
4.288461046301079,3.210166161258464
1.5234657907015292,2.897872363913755
1.783783708910789,3.566860133408889
5.6842105711479,3.565217401502451
3.616144914437388,1.6363636363636365
3.0201342098677486,1.3333333333333333
3.840580118138528,3.7144849193462606
3.259958056349763,1.6585366120989211
2.401408396156787,2.0963502760177413
3.8402947257987488,3.02777813604132
3.127358471175269,2.1538461538461537
2.407202347449579,4.047486311339317
3.8251495535816016,1.0831825193156528
1.9785783139863806,1.9858155916669475
3.1350736133445536,1.2802767921858367
2.7885463785496416,1.048780341782725
2.8969692180273787,4.921052430735912
3.782608489142342,2.740260359240554
2.839572241911794,1.3793103655584498
2.33043479667025,1.4461474753893195
2.6544114748010204,5.34090908775491
1.6955958381490805,1.1654321422446385
2.2100840300346367,3.294117869222904
3.2941176470588234,4.235294117647059
3.096045178656,3.255605262145418
1.2802893940701257,2.340444335953989
2.9761898642050695,5.867257325301531
2.3729728451864824,3.5435541360573612
3.5701491977671846,3.0438451410953506
2.8823529411764706,2.4594592328701173
2.8679578692302585,3.1996801662456296
1.5416666666666667,2.660026598012928
2.146026169147046,5.35074622818275
2.2581582731204954,2.8838710072667553
2.3197403372276932,4.821012205244311
2.6284780102372918,2.841379416014916
3.0,3.0917028783380087
2.6388890220539833,4.762711836483781
2.9954338411154318,2.137096551266983
2.4221700228195053,4.684209923786639
2.2058822642723714,3.0909090725800556
1.7666666666666666,1.2903225806451613
1.0432852277142908,2.1247442558451555
3.2337660958210868,1.6010929188797813
2.6916427934979494,6.767947094429459
3.1832774721137245,1.4041915539497518
3.291375052639181,7.413489090436986
3.444206213595278,1.6930490187641674
1.9524751963109026,2.5539771480302864
3.8195323846155547,2.3980815912876516
3.467857325383863,2.7510592157835028
2.3072166104450695,1.8076923076923077
2.6334611258468756,2.880952425853391
1.6197918286848376,1.2508214585644009
1.8205128985440688,2.2569783115643314
4.41258711535594,2.0983606594340465
1.2046632023177182,4.770924022277423
1.2620689984328004,3.8666666666666667
1.659624384059624,2.705614451025429
1.6153846153846154,4.006820870084916
1.214092176817345,6.7099827042568085
2.209606803892875,2.8115938937823732
1.6043477609799006,6.928569797817927
5.722522304169719,1.7312501355452088
3.6731264991785335,1.8286445490365715
1.1584606677985285,4.160804578042945
3.6070233611441447,2.975728350009023
2.5877661051946896,2.7218542862894513
1.4583333333333333,2.417475819627257
2.51369867379445,2.190909178640972
1.821942580232861,1.5411764582143166
1.1111111111111112,3.6060611039275843
2.809667594667703,1.9008851248132015
2.155555515927111,5.568421135609064
1.1538461538461537,3.024793762164889
1.0933333404833327,1.1584606677985285
1.0769230769230769,3.8616070538520635
1.6315790007170374,1.1584606677985285
3.51093471248328,1.8055553991978086
2.5746604114227165,2.551724551669434
1.064516129032258,2.6703377407712874
3.1357211229477424,2.0090498895509707
1.091319129587189,2.333753126659167
2.821178931764951,1.2580643964498486
1.774685845679388,3.7261148304783327
1.510447886467299,4.999112019756993
2.550847418488851,1.2274436043213925
2.178571592310549,4.216845856655188
1.472222246275635,1.8470791540218614
3.0,1.927152185579209
2.663127340987129,1.3935909244996993
1.985055980352653,1.9259259259259258
2.761306211912637,3.73364503333832
2.128279788455858,1.319213346097118
2.232789312833893,2.1500972822448805
2.2173911720491697,1.6244978179998186
2.288602973109984,1.926278241633282
2.034976108508419,2.138888888888889
2.7037039479126332,3.783333378727966
4.181818141940063,3.7503066479778475
2.8695647278823606,1.8785587981540506
1.0918728606641992,2.306232876415874
3.086956496243873,2.1607718915874803
4.968197642552478,3.769230769230769
2.0772163211877817,1.3461538461538463
2.01423138877506,4.235602417291255
1.5839416693207329,3.794978973113156
3.2839508810309175,1.0680629158569654
2.5895524836189265,1.0731708183578368
2.6851574619165284,2.5478925133549066
1.4230769230769231,3.105454343937659
2.386058895135229,2.3436058707853795
2.44898004953544,1.875
4.048601180036651,1.994923920337911
4.0650211174915425,1.289398395884742
1.7375886026696958,4.349431944108584
2.2218009170064144,3.823529411764706
1.8965515932237709,1.5833333333333333
1.7678572864041315,2.5008975998921845
1.4160362671776137,1.8959184797920166
4.151515466785482,1.8948410264684474
2.035714327000998,1.904285553220681
2.0887847783248357,2.423423611764707
2.4049479653456483,4.900963102141594
3.489716031421312,1.1
2.198067437262061,1.7407407407407407
2.3075205191676216,1.1092895804080443
2.753845981107839,2.364746092293299
1.1710526656172098,1.8700981946979125
1.2413793077192097,3.555194878276534
1.7575757575757576,3.5455352682050427
2.2112527261184467,3.008725724139483
1.2032218575836386,2.4098360919360693
1.7784521477297357,5.481682568124264
1.0229591386667731,5.891919924210574
2.390243817479487,1.9419354782292366
2.1446385249792472,1.1322034889583716
2.0967553782618134,1.6614583987957177
2.482573659463005,3.5963023504468428
2.327659454744957,3.512299234174574
4.02748401377777,3.1451414429183373
2.3599997410497626,3.820956408013569
1.4615384615384615,2.2333333333333334
4.173912757931377,1.9759037757086397
1.2258064516129032,1.787234078325742
2.092682967015177,3.7128954423564196
2.769230769230769,2.482142639208488
1.6874998913953787,1.8476635662171212
1.5909090909090908,1.5277775821331534
1.8391889520579785,1.8214285714285714
3.312080137168961,2.161577649413917
2.083783895051131,2.1669567318662435
1.3243243243243243,2.35
1.8313724907112854,4.058651214163372
1.8994082418060683,3.4793389438046316
1.0540540402616594,3.5789474330788464
1.0,3.1008776129933038
1.672169990310792,2.676923326811252
2.6904761179428345,4.6829920018760225
1.1363635608291949,2.07507521192772
3.001536171477417,4.926136533004954
1.8178295730196758,3.229477869375755
1.031468563292311,2.6291866620998983
2.083969434335321,2.5815708353097713
2.111762913204085,2.1269350298101997
1.7662337760758384,2.8096070804218822
1.2499999733439928,3.661579858837338
1.4230769230769231,2.8760141504346044
4.1230764461457445,1.8528427092976736
2.107142857142857,2.6573425921547305
1.6486484846372722,1.3615024056461398
2.102041036591108,1.1024929952121207
2.5946844382149035,3.6375597309917347
1.168666641138926,1.7630331789962819
1.3967160520025912,1.9955155676999516
3.0065359985462248,2.125
1.4814814814814814,4.423027025773242
1.2666665048227683,4.034682760914074
2.779904243987311,1.5714285714285714
1.1230032100088858,2.4576373505573907
1.6090427088332027,2.2711211223902352
3.4923076116337266,5.877522747615003
1.0,2.710660013057561
1.9563700132897404,3.8626273367373507
1.8424368476774093,3.847937859293061
5.80116962785444,2.2469016500712033
1.7586206896551724,1.3737090876451743
2.769230609621392,7.653255757228317
1.1399999352624406,5.624000704393749
1.7440756822633403,2.084615254697698
2.4285714285714284,4.6435783503999595
1.5947243032755423,2.447368636663561
2.1481483257546423,2.1222221806203536
2.926650434882491,1.518201062162264
2.512268023187331,1.7368421695606668
4.460334420776342,1.631579212625075
1.2692307692307692,1.75
1.3781513224617137,1.772222583256661
1.3827158250720735,1.688715952826771
1.9625551321026862,3.199377074885728
1.7331872747529522,4.90876555614943
1.6363636363636365,3.787299959023808
4.107816727122969,2.518518747089867
1.3212764971666746,3.6683741619539707
2.9538041933416115,1.7898009316211265
2.1111112972061212,1.887754931513431
2.059479588855101,3.693287884774091
2.899999923066127,1.8750001949220805
1.8333331535067796,2.782369568542189
2.315109558915187,4.0
2.749999822293284,2.180887183987133
1.353070033239364,2.8470788733380803
3.238531985750611,2.1991560981927964
2.5718562760195756,2.534625957909359
3.1040684772655696,1.378956350628482
2.9840382691856897,1.554388325507445
2.2448380787393294,2.142857142857143
1.793103448275862,3.7174136522368837
1.5303867425803255,1.9674797802233948
3.244946543076304,4.030000408241267
2.703517739929444,1.8968751233770007
2.101351268742086,8.234135402217294
2.260450103886211,3.424007891246768
1.6388889055394977,2.910256525515396
1.8181817250121597,2.021868684251438
2.6842106636871867,1.8582993699039418
1.350455339885117,2.2553649648314047
1.664739985427571,2.803278323810217
1.2635084431507049,2.626829593030219
2.2392405668307123,4.027026324468612
2.6144196164699904,1.9326238977323325
1.871747276396473,1.2959888219386375
1.8196500692308042,2.540834936758578
1.0363636791653328,3.5313622203371153
2.4388586821015945,2.8355639022527765
1.3875000048147126,3.3513512120271223
2.0248868536143623,2.061269253653461
4.03322675788147,1.0808724681484827
3.4304121721695204,2.200215314391511
1.064516129032258,4.308270789845712
3.0588236382588243,2.0322579860618277
1.125,2.1466664883275484
1.5161290322580645,5.048077327183056
1.5717883476918635,1.6444444444444444
2.5163762852302662,3.122023488771711
1.1513811609162985,2.6172286892686634
1.3414632477516857,3.0011591803952493
1.7082977477818446,2.920668351041695
1.7652051697170645,1.5698570154182707
1.0057470845597518,1.8039775041462882
2.290167794393316,2.876211439982941
2.829268201345273,1.4705882819619098
1.1538461538461537,4.036716856149849
1.5,4.581363330845453
4.4198286407993965,3.0
2.9781530765020356,1.2265718015113973
2.2209072283841005,2.9891474352616396
2.7622477669710443,1.1293101936344134
4.072464046412322,2.811643780247791
2.883918882263564,2.9473688815157626
4.529411764705882,6.581568874918171
3.567415872107752,1.2727272727272727
1.6363636363636365,1.4102563109439124
3.1647725070473536,3.0790962522496175
2.3194101369338513,3.0134813461735064
2.905198757164622,4.91396341167241
2.5413534975826506,1.305555622157991
2.1369862977906764,1.5296609817678162
1.0344827586206897,1.8246376990616833
1.614406836450761,1.871846738636531
1.8820962511832702,2.955555970467888
2.251461918509254,2.0416666666666665
2.295379621857059,4.048717568644534
2.160000094216075,1.731707525676274
2.4687502160026207,4.657630308502404
1.7007671813655127,2.4103411630682343
1.70000022785916,4.077445583744024
1.2083333333333333,2.1872198303829804
1.0240334868628935,1.368815587752487
1.6815922619268517,1.9546068510757377
2.7478261201278023,2.679487120709034
2.0761081071112395,2.9243422239181602
1.8161207333777356,2.848484779019767
4.669291263983398,4.631578947368421
1.3871331351325125,4.2094598662046065
2.5073746222064526,1.1653225976207349
1.7130044236964934,1.7971014081654924
1.601577856230134,4.909548370864259
3.3442627294973954,2.8012313906363984
4.1689060172712695,1.0
2.686046457837,3.0917554310390316
2.93822384929077,1.1584606677985285
2.6842105263157894,2.600600605210372
1.1584606677985285,2.7675198855031935
2.553355413879325,1.0209339396000756
2.8966668514178187,2.520391569337883
1.4034955259132673,1.8108107359378052
1.6181817617856384,1.1794871014559312
2.986666480614328,1.7755102556381563
1.0981228897841573,3.7404130169596255
1.68,4.647058968725534
1.8705584217821327,2.872053854700158
2.2430260264980633,2.32878145413532
1.1142857142857143,4.1918923171600415
2.6046114687925552,5.718106592250929
2.0,4.416666666666667
1.9900000914646747,4.735614475136268
2.965909138638612,2.14754117008992
1.2283238071629103,1.4285714285714286
3.093827250673934,1.8083832876956158
3.473684210526316,2.4148150265736574
1.5999999280693786,2.9299414972879334
3.1428573374845925,2.511999894561499
3.0999996852572846,2.499159499821055
2.478059764643078,2.3181818181818183
3.075055014172553,2.6063832107082106
2.50532430199191,2.5873241137406957
2.5555555555555554,1.1386753630252475
1.2564102564102564,3.238095238095238
1.96,1.0732919794655504
2.3216492067841523,2.1572854732539626
3.7039913135198175,1.6118720685668444
3.493003968440362,7.402205970813764
2.244898104842507,1.5931130262908806
1.5964910298525543,2.4473684882333715
2.0,2.027538775265048
1.717391241864934,3.511244350469526
3.703704147719939,3.6470589034124967
1.682183030142194,1.6923078029321352
1.4594593057727752,2.12537331193867
2.0186666648376477,3.0101522967252365
2.2063732426070963,2.335329227768012
2.823529374430472,1.6483514655769278
1.0142179961015427,3.0685358528757187
3.070437224602447,5.018039401679014
3.124999915706299,2.0584069036057473
2.6518195502368487,3.359307800300678
2.571428684846739,3.338374591111427
2.7632505903630635,1.7272727272727273
1.3571428571428572,1.7307692307692308
1.0238095238095237,1.075
4.448848440911336,2.842639639179565
2.09473680291597,1.6666666666666667
2.16901425745724,3.252458838037019
2.937824088346575,1.447520189400087
1.2,3.2962966515092846
1.5319148228093191,1.069767441860465
1.4011625606121967,1.1858498063242011
1.6176469514876073,2.3750001110667043
2.482185354697918,1.1983408368969124
2.913321635605301,1.0452829553651062
1.0714285714285714,2.745454514771706
2.0161290564455228,4.312499563226006
1.1136363636363635,2.6807689887032593
3.7000865051597804,2.0711110563741397
1.3920000090531834,1.95463720342364
1.8214285714285714,1.1799998705248813
3.8022812636334415,1.2258064516129032
4.03796091585824,3.3720933046648565
1.7840531141489806,2.629123327401545
2.7777779109826484,3.199999858226136
1.3400671144998677,2.865070668841717
3.1068609347649527,1.185567019696651
2.705238625416738,4.276297542106431
3.2014929707860116,2.0943683942731233
2.1729324391930365,1.8658268677133578
1.8846153846153846,3.355190963639448
1.2580645161290323,3.1537290015178687
2.381196681700907,1.6055881593301133
1.12,3.5698166939829434
1.358974358974359,1.9090909090909092
1.56,2.5401975203398455
2.459798745283386,2.5775508274313337
1.17368061646018,2.076923076923077
2.1252796564383365,1.9373608061599958
1.16,2.0294117973733368
1.6428571428571428,2.850806177935269
1.9968686133714442,1.2637075547861012
1.9111111827203462,1.853252726895393
1.9545454545454546,3.203263925296423
2.5294115593675963,1.9090909090909092
1.0927037107812954,1.2139534907780765
1.0,2.586854440659908
2.12,3.2890329983787683
1.52,1.0511363954617883
1.5783132171044059,3.795066173374222
2.5416668258881017,2.043478311860086
1.3878326846493123,3.321296067817761
2.5148935166238204,1.4
1.2580645161290323,1.6923076923076923
2.7222222222222223,1.679092223641207
2.2336067078749218,1.2670375947776644
1.5,3.3085106702081
1.821192066948007,2.0706837256905635
1.324902598024674,2.8683335228384683
1.2607362026642845,1.1855670084596746
1.4772727634981186,3.7080643837856235
2.0370370814386605,1.4644069061549059
2.0666667385972883,2.0
1.4468085643664705,1.2285712898480872
3.3613724745900915,2.4680135988903844
1.9090909090909092,2.8750000210734266
1.7740835087907103,3.622500509767588
1.9875873142205154,3.8749994401947823
1.7964072397852604,2.089069050551896
2.43137251923428,2.5882351394436736
1.820241535674827,2.8518930701107954
1.617908035330434,2.5219297273799275
1.955555565908595,4.835720243860483
2.1445785250353757,3.4466402783694137
1.4193548780058047,2.6842105263157894
1.0876180792777674,2.3927314347732227
1.1944444444444444,1.9583333333333333
1.7272727272727273,3.623024257045446
1.506493410867408,2.9388377375427597
1.598152434607742,2.0745920647087632
1.4598933006670112,3.383852741655834
1.6816899130979157,3.688524422908303
1.358974358974359,1.1785714285714286
1.7787235239082582,2.3741930879716215
2.8717949065212545,4.495633230541181
1.3333333333333333,2.097627689784162
2.157695518903021,3.2222222888246574
1.161346039936348,1.5903083846668742
2.210344556928734,2.809798664260657
2.7954546875695425,2.610389605364524
2.427600893152954,2.3480539518249146
5.18012820171666,2.262730246749044
1.7307692307692308,3.244776110384451
1.4,3.0789114700299667
1.3266054370816764,5.038527483987222
1.8378378063123642,4.6912816115931575
2.8554744754137595,2.5132741831624217
1.96875,4.352941176470588
1.1142857142857143,3.108412371397044
2.92,1.8663364247170067
1.5647668027212114,3.8666666666666667
2.342089193487596,4.39999975010532
1.56,3.0029067584920908
1.0,1.116279145627219
1.7708333005524497,7.436425370620943
2.586826313119608,5.404200346130973
4.56,6.024716708388441
2.5375615494179686,4.123047189197762
1.8952380561705309,4.385037228796242
1.6042254220160017,1.8183673562235274
1.5660918903380607,3.132012946535748
1.9510117922208918,4.562647869096135
1.5789474097710938,4.175526779674567
1.5490197570594109,4.0
1.5357142857142858,5.169444422325033
1.9448398290730402,3.2637360339166497
1.1244755992384903,6.041586373860693
1.931034405781734,5.282608360587728
1.6763193729787293,1.1584606677985285
2.866071355504311,1.6979864797268507
1.5346291687948175,2.6637682209581777
1.1741177577307638,1.1944444444444444
1.7838899861903414,1.2702703259999715
1.4,1.8580000517900475
1.0176991764510586,1.8791820285028913
1.7276872310469427,1.3349398393207568
2.0889423275852455,1.7582642269366684
1.0187792507576459,1.627906976744186
1.0714285714285714,1.4615384615384615
2.210526315789474,2.233881926694295
1.5714285714285714,1.7324463896241118
2.027971999057263,2.906789492720497
2.425827041284896,1.505136953259172
1.56,1.9309664137037714
1.6253163895580767,1.9261084245519624
1.7000000359653107,4.391892093214195
2.0,4.482517561377461
2.6666666666666665,2.159609206302463
1.8888890252165984,2.346987882037383
1.2058822642723712,1.9673202863157855
2.612121270898968,2.574496778334647
1.1372548355888166,2.573529634817894
2.30988795620137,2.1538461538461537
2.268392553307836,1.0769230769230769
3.5786520170724714,1.0875873306957506
2.589413657827164,1.59807342071254
3.45238064532311,1.0183244758449814
1.9184000129285297,4.306603730663182
1.5981981059187649,2.7674598283805953
4.261905064673983,1.8856419527780983
1.9615384080038565,1.3333332628131176
3.8414722060383757,1.705882343607618
2.229226315146104,1.9677420730203161
2.322834530369834,2.219909465311089
1.5,3.7096775686244627
2.8,2.1267002150380203
2.825232630903669,1.946969453681169
3.12029492971951,2.3935184041331166
1.79999997319304,1.709443168927013
4.768271177220465,2.580103269124491
1.6710526405962915,1.7286430939103181
2.3487180032877424,1.4
5.484919672002345,2.2040815154154836
1.9696967740179407,2.306282605181112
2.5517242159697195,1.7845529387029417
1.2619047619047619,2.1538461538461537
1.5682371660598697,2.0357142857142856
1.56,1.0025316592371767
3.5546361605594425,1.6624505828476452
1.7999997842081357,3.018691667605889
1.4680851764113443,3.278645795873454
1.5909090909090908,2.736842105263158
3.9120884142602304,3.5175440556464626
3.6874999939931494,2.206896551724138
1.53125,3.316513950026642
2.0565344290412266,1.103448275862069
3.583333315777421,2.2096772256954464
1.4452380717811297,3.1197184992663947
3.6526570947143737,1.7336063972383284
1.3959790652490323,2.3713527978505597
1.6712328402116372,1.5675675321014095
2.6874999383196587,3.319480871042769
2.187393464786754,1.6689419205335652
1.803921361215052,3.40625
1.0,3.1975948783572754
2.12,2.695833163294561
1.958333440889756,4.602648456398573
3.5546355100259124,1.8649386280032714
2.062656718790433,3.6562502311575833
1.4375,1.2213242217466551
1.7272727272727273,4.060856337077462
1.8256880749447444,1.0
1.7931034888462436,2.511682038280941
2.210526315789474,3.0764850623681324
2.0336389972770537,5.606060200336253
2.110192897637712,1.56
1.1272726426784576,2.3095238095238093
2.907988017882002,2.892836775941309
3.1621006749991123,1.9829787389462548
1.28,2.0843558553544246
2.5208335369556245,3.1547351481401176
1.2857142857142858,2.6458335147422836
1.9333332614027119,2.574019930004343
1.5909090909090908,3.7467764984090697
1.4750001430511475,2.409090909090909
1.3325000175808936,1.9090909090909092
2.0797668277450265,4.825450513899007
2.1666666666666665,2.5
2.162011376407083,3.522807298159194
2.02428241230344,1.5999998621356515
2.547619004099034,4.143026706047581
1.2123551548533926,1.3443394676142926
1.8088891040509059,4.491864818733014
1.7489711887513741,3.6283701753010162
1.2513181896832988,3.8689681484592087
2.8874997236903455,1.8533333473905913
1.898734242638812,1.726303177530355
3.1651686068667657,3.6845991120280392
4.16,2.946166041243567
3.5652178196247237,2.0954774569269476
1.6363636363636365,3.7894738732392863
2.294117656392382,4.76729126156898
2.133245262061328,1.8928571428571428
1.3714145950675252,2.0749699464170743
2.3230239916922684,1.5259516924905603
2.0384613596211607,3.3294118386314357
1.0689655172413792,2.4717349362005505
1.2796459727721572,2.0
3.775509863026862,2.414569597786233
1.2423698875730362,1.7352939823104614
2.5072465097013152,2.522727176997123
4.208763073134956,1.1995194151019715
1.7142857142857142,2.6658566298421853
1.564732214697332,1.0151515767147612
6.222222888246575,2.1228670337100985
2.4285713916434717,1.9780217990265734
2.7946613134166394,1.9882075726987634
3.369728105564929,1.1516245198595596
1.6666665256262354,2.7936168975452342
1.6888046268579806,3.205090198018254
2.090909090909091,1.0774732469877857
2.807393107976693,3.6404097017857358
1.097072381210162,2.5554859697876786
2.9806866237333427,3.661538532833665
2.059782718169237,2.0266667123172764
1.0065789254790694,1.12
2.799042987086478,2.326767171759443
3.0519880398369885,3.673060686311323
2.12,1.2961163962188809
3.375342549707484,3.030534446240079
2.4873564193702746,2.647646172914567
3.762001590259816,2.0996563344114283
2.5555555555555554,2.7929893792776603
2.68574666937072,2.0547111853756643
1.5053418085140715,3.648771364961329
3.065088818347218,1.4918919233433925
2.227272727272727,1.065217391304348
2.388888888888889,1.206896551724138
1.793103448275862,1.0769230769230769
2.3719296237401633,2.859374976028979
2.221037829507815,1.2334096802467354
2.2027257758853045,1.9976525017233429
1.8571428571428572,2.7222222222222223
1.32,1.6853449971065302
3.3713350811667726,1.5499999537962528
1.125,1.84
1.4,2.0515727560116197
3.38379552100652,2.085714285714286
3.339304628417657,1.33561641978811
2.193548241139743,4.4353085860971895
2.263157894736842,2.689597256392445
1.9629631146475346,4.809523786232683
3.2326389448735107,4.087736907944936
2.472727088630238,1.7336376090607322
3.677255787061298,1.3248943159630617
3.4716157533663377,1.786683089578056
2.026137307481486,2.728682258991966
1.1797521259870585,1.9496951331426033
3.035955245748727,2.2750194843669314
2.9807691266688505,1.3448275862068966
1.56,2.2344827819181217
2.164383510881872,1.8235293744304721
2.4926065008213865,1.5909090909090908
1.68,5.939073051552996
2.090909090909091,2.6615383188430473
2.3374999903291585,3.938714630588812
1.4,1.051282015813302
2.9999998681625994,3.9183679366794193
2.3182593174173505,2.3972324947387285
2.6560844617101247,2.5555556732931506
2.8712377484533422,1.761083644864482
1.8444444444444446,1.396067423048075
1.787610485427277,4.222082877315327
1.3928571428571428,2.5192306272757055
2.353488272308252,2.13333332063416
3.230769230769231,2.502450981486683
1.3125,2.1730382107857205
2.451263776833449,2.71040732682661
1.8231826279071555,2.487837835513247
1.7474746584097332,1.3695652173913044
1.0357142857142858,1.9444444444444444
1.6666666666666667,1.0212766201665775
2.5555555555555554,8.326824250612493
1.1830064782332133,1.8787877283835572
3.685512105241708,1.2777776726280266
2.227272727272727,4.401459288588791
2.7222222222222223,5.678241798324446
1.4519997912055094,1.955911940236955
3.0679245766305883,1.4666666307013558
1.7619049465445302,4.682027707011455
1.1584606677985285,1.9436714352196558
1.222222155619797,2.3296243186231442
1.8244276243855395,1.0196079513103269
2.4218749084703073,2.0994362748262003
2.090909090909091,1.3559322033898304
2.0946969950849956,1.2644926320983352
1.6959708260091872,2.769755970762695
1.3611111111111112,1.018947205988816
1.5882351541142703,1.1071427749421905
2.4583333126166247,1.9545454545454546
1.3125,1.5081967300104218
2.0526315789473686,2.5294115593675963
1.0213903949017935,3.555384911418688
3.0282483637474105,1.8367975834211518
2.74644545453842,1.0833333333333333
3.588545844705886,1.703458610167748
2.9128921243658326,3.815028551552278
1.428571525243084,1.28
1.979816428995127,2.069148745837218
1.0281690009169469,1.8928571428571428
1.7834525807792896,3.4098361467639355
3.0882355507905044,3.066422993184425
3.6754493028108715,2.4647154134792952
2.663829801461627,2.56118119374356
2.0237964025238635,3.181818039949251
2.0198330583493314,5.27527808447587
2.252873622748928,4.331517169012736
2.227272727272727,1.6149424041624703
1.8214287503376565,3.4754097335873846
1.62068967111407,2.2592595700706237
2.1666666666666665,3.2906696723519575
1.9304345776045686,2.8181822374418055
3.1788085195271187,1.4562798541374578
3.688461606429491,2.852482381868819
2.0499998654465617,1.1538462497446764
1.8690746316534368,1.125
3.31749466288804,1.9287672904839068
2.3636361219384505,2.1200000183105496
1.8388428695825545,2.409168091676065
2.0846953430655146,2.308088283207511
1.5,3.5267759136789016
1.44260493419098,2.4693558861557956
2.4693879327347648,3.1509054961880314
1.5938242338545978,2.404761749185792
2.4649444684280923,2.0452171521909155
2.038461585779897,3.055919445067455
1.2285714285714286,2.8823530006664666
1.9041665001690884,1.3473684277358073
1.9469386818069077,2.3333333333333335
2.790697589230243,2.655024392833828
1.68,1.8837209561956254
1.7727272727272727,1.4952379618822798
2.228323805236577,1.0909090686165424
2.1340205617211603,2.3721945703716836
1.961098481767366,2.0919440179663664
1.0260637552054366,1.2211538904453567
1.9618322145858103,1.5153846643821611
2.0,1.5666665587707345
1.4015008218526643,1.3369369453083075
2.0947613093625232,1.894736842105263
1.54545480553431,1.0357142857142858
1.28,1.6290322802547421
1.9841521349049855,3.742705338262732
1.3902437869050133,3.322580923041047
2.0827813324566873,2.8048488590293768
1.4,2.525773172473419
1.5680751642705284,1.5633415242088535
1.0059760805402276,1.8904110581450946
3.02309069275006,1.3333333333333333
2.008225730942805,3.98529402299906
1.185714401477529,4.663238733917004
1.2790696506950903,1.4716982208743286
2.081310691129185,1.8289473335910997
1.5022222664462312,2.294617715308929
1.7338981424082185,2.2572725805693206
2.3407342302960905,1.4166666853986
2.394152927960172,1.103448275862069
1.420849485220031,1.8986150530138577
1.2490118433200725,2.227272727272727
1.8370787795964842,1.1960784064830638
1.7941177357276288,2.6666669825897626
2.6919645559274334,8.290076568307397
1.9078295312292457,2.5
2.2109205387821187,1.7727272727272727
2.352791711920264,3.0606057735180476
1.2027971786871459,1.760869652967945
2.0526315789473686,3.4939541523566664
2.369003802995446,1.6692705474329446
1.9111111827203462,2.4087836789613695
1.7096774193548387,1.5951417443663576
1.3722825645824148,3.5615630769956397
1.5286885028978732,1.5063290211456004
1.3171912630914218,1.3011952446769386
1.6125654474650712,1.4604315993778743
2.06787607896893,1.682035006178306
2.4418105352144805,2.390243838253454
1.5128205128205128,2.3421052131516937
4.138298265612408,1.601625960157975
1.1358154083380994,2.3185185218354576
2.058103781502425,2.0772355575959156
1.7149758967861408,1.756152103816431
2.499999920664753,3.0038517728127165
1.07800819427298,1.0909090909090908
1.3461538461538463,2.6857142857142855
2.501369803649439,2.2862419532099647
1.7179929942553287,1.629702991095968
1.28,3.263157894736842
1.6451614110178285,2.774825640177573
2.4806199584887687,2.3810108129650183
2.123667345130983,2.227272727272727
2.5567011269935227,2.4107615428949227
1.0,3.430955853816384
2.527425916886923,2.502300265823403
2.1949269240629437,3.135440138524122
2.4505688038308766,3.509615153851054
1.8439715959839174,3.0981967927789373
1.1875,1.9342105012104072
3.0749997191258447,3.111111111111111
2.6867708108730493,1.0
2.0909090161592627,2.4583331324284576
2.324722776023756,3.3599997683878904
2.1956524843118976,1.5749026668067032
1.859685856829202,3.5218850214076927
1.28,1.2702702013082965
1.5833334176889726,1.0
2.3333333333333335,2.816560764076795
2.1121995884544855,3.6374742700334957
2.991974408998491,1.28
1.3235293744304721,3.100543590251112
1.6870504776249844,2.564881146064796
1.8360541190648811,4.323770703180242
1.9871558264885558,1.9759297650325809
1.9562497573232631,4.488428508932835
1.4594594121712454,2.042960381134825
1.53125,2.0258215238964143
1.452315938674517,2.281348902576378
1.1385305409710573,2.0506331269911375
3.3339491693842938,3.4698354373631144
1.178387643491495,3.2962966515092846
1.2368421781153376,3.293532251800467
2.0,2.0180570151295267
1.0,4.078261334504
3.9651898086012967,1.0060790809996378
1.2857142857142858,2.2329841786010083
1.6539005938194447,5.9913796776923025
2.728376451787753,1.4677420821514051
1.1394833626966603,5.271872451477708
4.281609211084421,2.1666666666666665
1.054545518747999,2.250000061513866
1.1891891773671366,1.8999998179395121
1.28,1.6350092876394273
1.105263157894737,1.654832325995527
1.9090909090909092,2.0
2.9999997755283725,3.02849007106316
1.9613793148363685,3.3728068447082618
3.195024541966619,2.090909406610889
2.7791408311332986,2.445544633382187
2.79768789415491,1.1849314380382903
1.0221518407604449,3.995127594677543
2.0,2.210526315789474
1.2580645161290323,1.56
1.5862068965517242,1.2058824229428649
1.9285389763365959,2.5271317590371236
1.521575922843404,2.196969802926732
1.4545454545454546,5.191111169342204
2.3333333333333335,1.7133755328027598
1.9090909090909092,4.151295609778149
3.1250001404895014,4.077738726914444
1.855882383634895,1.7065637661565056
3.0690978751649842,2.249874331920373
4.388520707664209,2.498147878702977
1.674711395409609,2.8826739395422916
2.3791613163860337,4.053465041750057
2.0989345461578117,3.871090380026256
2.668508189889743,3.625000055820841
2.0,3.0714889271773638
1.84,3.0083566588673114
1.3294116282511752,1.4090909090909092
2.6778693126575104,1.8741866046666085
1.636363680948739,2.7439479304997856
1.699664577309418,2.036282366371177
1.401869008739185,1.4482758620689655
2.512638982238966,1.745946127915342
1.3928571428571428,2.728323329263399
2.0454545454545454,1.3252280242018377
1.3078291538621574,1.1188406416124583
2.730769309633162,1.5862069153730594
1.7857144380343426,1.2564102564102564
1.7640000761314212,2.788395754486732
1.16,1.564516464215347
1.0975610911437825,2.0886077784411827
2.423076923076923,1.2142857349489744
2.5971800028570318,2.033898346741938
2.4054055866768924,1.7727272727272727
2.008378441641077,1.7737228216189562
1.9342105197268933,2.003067556735153
1.8448755235985008,1.8454222002661633
1.6153846153846154,2.24
1.4137930072271674,1.2340425922665241
2.260606214240234,1.471631226170953
2.072727202232048,2.6108292427361706
1.4455446124326723,1.1584606677985285
1.2307692307692308,1.8797468546683511
3.229773333823776,3.2683316338259156
1.3125,1.75
1.0882352037910616,1.2758620689655173
1.4915912366539827,2.246124383567016
1.6850715239252596,1.4561402503798215
1.0628743007510935,3.1378881665720386
2.12,2.296703304177441
1.4545454545454546,2.0863421320453917
1.8272507145221188,2.361111394171461
2.7531531783891925,2.191340608542411
2.284182265763259,1.812834218564483
1.9047619047619047,1.6874999683898604
2.392265173860962,3.3850576753366033
2.612244841116727,2.35
1.3100000149419806,3.652639578756684
2.487804865211668,2.926320345197716
2.1629750326257424,2.5315314027083584
2.1176468721523607,1.9128164232733518
3.533333333333333,2.133333510250267
3.6200871885875876,1.6562501000987753
1.8421052631578947,1.2042663784989962
1.7063575833994216,1.287610588175167
1.4022276219937513,1.0238095238095237
2.18297108525259,2.00497108527318
2.2448978668146813,2.700000035965311
1.6590092272737613,1.2727272727272727
3.758389315785102,5.470148626213394
1.3611111111111112,2.2467872602572614
2.3195875915144897,2.730067943247057
1.8333334814222721,1.131578947368421
2.2222224886319633,4.444656395972897
1.28,2.0079052997342415
2.2881719506740605,1.1515151515151516
2.280000042724616,3.287545724541519
1.636363680948739,1.0162749150812187
1.8631433736833831,1.3015872220692628
2.4308430817106,3.9462368798433136
2.4444446550598418,2.2177881443190652
1.1428571428571428,2.232142857142857
2.053959912622961,2.35
3.6666667415944008,1.3571428571428572
1.4,1.8125001790621127
1.8051576444648767,1.8917909653673577
1.3775102306455442,1.3611110944605023
1.44,3.051813877152452
2.0408165539004988,3.318518765123753
1.855555600837866,3.2727269606315934
1.8695650349621007,1.1805702136149985
2.5545024202189683,4.519687959573819
1.602150586902637,1.0925926036929985
1.25,4.460591365847703
1.9631899495280423,2.0407122117792023
4.219941079145463,3.677116202189417
1.5625,1.7522123837122099
1.8044446185945018,4.031981719417329
2.0851064209713654,1.788091286129089
1.8291458132952032,2.2968753092513614
1.7038043097130877,2.73143534010958
2.0976297677014615,4.41031959618185
1.385190334248749,2.22098014307682
1.1428571428571428,3.9411764892670145
3.4426383850298996,1.736842105263158
3.2666666666666666,1.966996716440056
2.9557196216692185,1.1379310344827587
1.1891891773671366,2.210526315789474
2.028330878056211,2.041131366912246
1.56,1.5999998081850093
2.0,2.942614211879177
2.251928066009309,2.2564654804425133
1.7419352144118332,2.4287395387129282
2.9938198042399575,1.7384306514581602
1.1939394510435708,1.6371595779779078
3.638497625383978,2.7241379310344827
1.56,1.0
3.4285714285714284,2.109826460125228
2.7600002046462526,2.049177422421907
2.2758623147870636,2.418181949302946
2.931263566119695,1.027027027027027
2.388888888888889,1.445224667620384
2.1341935961897134,1.4037269077058507
1.7952380741907674,2.8938171760341347
2.033333369298644,1.396825338798712
1.44,5.019455231205883
2.766632536011673,3.0057801952365777
1.597643036064339,2.473684210526316
2.427649577323237,2.7399999352624405
2.517543874625553,1.1248712959294533
2.4571327262097005,1.4689655824051686
2.5399644725757726,2.681755764719601
1.1891891773671366,2.3735632323202944
2.940898470044875,1.65
2.2385696491802283,2.123029703703312
2.5,1.524271923095695
1.8095238095238095,3.7315446685036724
1.3783785281243894,1.2080000772040551
1.1026315957791384,3.249999856948825
1.5060606838853503,1.2772276917540633
1.8928571428571428,2.5789476211210873
2.6363635614886634,2.1491682092049333
2.7857144907192843,1.75
1.587289519838876,3.679011754092858
2.2439025354363684,2.712574580432091
1.872727202232048,2.848821011131651
1.3729976470354115,3.8894730726548525
1.7116277213321227,2.5045742096500074
1.949152654284477,2.4119278464326532
2.1589313131106262,1.1031518843786015
1.5666665587707345,1.3421052631578947
2.389473798187463,1.7484274653376908
1.52,1.5144146032829628
3.154638965001757,2.8181819803208477
1.289962846954973,1.3071253290776648
2.0456707912444743,3.6260870188456606
2.1666666666666665,1.7946427104414246
1.803921361215052,2.103448275862069
3.066666666666667,1.9
1.8126505833327418,1.8181818181818181
1.2745096711776334,1.98551139769207
2.75,1.2727272727272727
1.56,2.063829797595377
1.5000000793352468,1.736842105263158
1.1065163446402306,2.6290322251735434
1.5909090909090908,4.432290335324938
1.5993590801030066,1.375
1.5536840860565075,4.341663440076632
3.233108214831339,1.7104941312401891
2.2044270648419917,1.796446454867671
2.403444204719692,1.0357142857142858
2.76,1.233644997614762
1.3770490423993307,2.1170730423797073
2.5761903171804965,1.0
1.44,1.5472972063005932
1.8668407717746696,1.4402516770746507
1.1694915045951342,1.3421052631578947
2.033333369298644,1.449999975121059
2.28,1.5317185979821677
1.804597671268324,1.0
1.3730408270090344,2.647058640430838
1.421052642786975,1.6785714285714286
1.1979866647151145,6.236638420750364
2.1666666344390313,1.8728971978343976
2.2324999514873056,4.001735711912929
1.915287917683495,3.499999693477458
2.1340207452006603,1.6624231379641776
1.8571428571428572,3.6720119255638264
1.2303980518888382,3.2995009544359197
1.4,2.3571428353828505
1.736842105263158,1.375
1.9465055678391228,2.8563220904968136
1.125,1.2599999568416271
1.0526317134437,2.12645151409715
1.5670103583146153,1.0811965289787027
2.2054794214944757,3.9080682720930358
2.090909090909091,1.75
1.4545454545454546,2.3702871362756355
1.813516919424186,1.222222338776484
2.1919433526410153,1.3103448275862069
1.215686291102796,1.8029556371536717
2.7666666344390314,2.44
1.1029412114714323,1.5459273255662915
1.2083333426993002,1.2083333333333333
2.1904761904761907,3.473684210526316
1.6756756126247283,1.6176102927775378
1.9846155521936253,1.6206896551724137
3.6709956530770134,2.408327323231059
1.8571428571428572,1.875
2.2471909250166333,2.8773747744009994
1.6071428571428572,1.2826529470643677
1.6454033539827517,1.7083333333333333
1.6363636363636365,2.6121793750267517
3.026255562619199,2.0379747376650665
2.52,1.375
1.4903641779866645,1.2115384615384615
3.2666666666666666,5.733367217432827
3.405405418170028,1.0
3.0429687887056867,3.1052631578947367
1.8571428571428572,1.8805393915218438
1.5862068965517242,2.026943186175046
1.9117646078799893,4.836670615422061
2.578881770845345,1.2727272727272727
1.4655646955968196,1.651302496453917
1.7159090147450127,2.0709746791849577
1.3448275862068966,2.055660217679244
2.308310837421787,2.487518285933598
1.8378378063123642,2.473580418170838
1.1290322580645162,1.5100001851690674
3.3386113846429697,2.2112299734966157
1.9310344827586208,1.689361882766471
1.9519649946140973,1.5704057595794993
1.7727272727272727,1.3877552413483691
1.6558197894764384,2.142857142857143
1.1666666666666667,1.1867549637286052
1.8953977410558598,1.8507737247342508
2.1666666666666665,3.7388961268909036
1.9310344827586208,1.0
1.9047619047619047,1.2907800762120956
1.2443819928406155,1.8653846153846154
1.884057750579205,1.8075801562192657
2.314079480723675,1.5620814124949676
1.9871086985765778,2.736842105263158
3.329230754206733,1.2337399333203074
1.1584606677985285,2.6014715980557694
2.1481483257546423,1.7209302325581395
1.3433420903448567,2.1710528453829534
1.8421050663695424,2.5748033033171143
3.027778110789954,2.370370414771994
1.724982702295601,3.0804733907903183
1.7500001498554794,2.338982984686044
1.8363636913499073,3.4022284233549587
1.0357142857142858,5.301550809839812
2.7551023225699,1.925925686354754
2.979166770443134,1.645669193315353
1.5227670637202617,4.019551451974684
1.375,1.5602293941186467
1.4499999460520339,2.021894430279944
2.501400903651185,2.736842105263158
1.7992602050410684,2.6790491449905147
1.25,1.1379310344827587
1.8400473239843653,1.9333933275497688
2.6537044726950594,1.434782608695652
1.1460596282675792,3.2494563316524014
2.1428572990059176,1.0
1.6562501000987753,3.0700486101835636
1.6369758074047744,1.3109756540657491
1.4749998381561016,2.1276599297206866
1.9999997002890861,2.0
1.8181818181818181,1.7096774642646944
2.7560976668818005,1.2890232503988222
1.0568227758650441,1.574468085106383
2.517117184739257,2.473684210526316
2.090390259661745,1.375
1.3611110944605023,2.7692920730413046
1.3421052631578947,1.72
1.843636593688589,2.3891622596814504
1.2718447018717505,1.125
1.5939849117274172,1.125
1.3612478832770727,1.7666667946155143
2.556391190184038,3.8275862068965516
1.1176470588235294,2.531307441769978
1.75,1.2555969332730588
1.388889055394977,1.6388889055394977
1.0,3.699351887447567
1.5312499525847907,2.909871006495161
2.110249249491034,1.450632959521237
1.45569630280579,3.499999844380857
2.3651962975472514,2.1420047124165413
1.3432204608143,2.2596152940230048
2.5185187405266363,3.4838710690408474
2.2217741726848566,1.52
1.2583645006825532,1.3839008868596374
2.102222309658863,2.2400000366210993
1.5283911271276376,2.8208524829481636
2.171698301061291,1.8352316874330579
1.9012447170623286,1.9583333333333333
3.2931034993834967,2.6419096385768093
4.448933171623787,1.52
1.0595237344983053,1.360000096505069
1.854604087483757,2.4237916626197604
1.734814357687334,3.1829418188474
1.524735033151798,1.3505821913792067
2.333333493259884,1.4037541380946947
1.6666668664739726,1.5083460645566693
1.0,1.4999997871628554
1.5384615202204681,1.6129033100124386
2.5242407264036744,1.6785714285714286
1.375000105367132,1.6455332563040754
2.198039248938679,1.5416666666666667
1.0349438016024908,2.0
1.7356322030662816,1.8767122782389414
2.1395348316765346,2.5517241379310347
1.375,1.2458771497893957
1.1118881215165335,3.2857142857142856
1.5979898361441875,1.4709677795701008
2.840163858084376,2.3898307630790403
1.3725490196078431,2.0964629374118697
1.7647058823529411,1.9473684210526316
1.1655299466477356,5.545454813429194
1.375,1.3999999520462523
1.4000000719306214,2.736842105263158
1.7857143292342994,1.8173516130824974
1.3509614621086452,1.3763326939851814
1.9213943320738773,2.230223042379396
1.5744680160308215,1.5560607547673495
2.358561817788005,1.9087082292073907
2.8749998259256797,2.1191553557341853
2.9505120307151382,1.481000034522737
1.608996570516099,2.1666666666666665
1.04769236405486,2.9748745860747383
2.0898395549321895,1.0888887450276459
2.217391304347826,8.382870544800936
1.9696969696969697,1.1785714285714286
1.105263157894737,2.3214285714285716
2.5386752694293553,1.7939699036098884
2.0434782608695654,2.025468955163423
1.2857144115404624,3.1001643203796974
1.8344263490606647,1.6200000215791865
1.1063829787234043,3.4727479181115126
1.705761557326369,1.913837952271734
1.9144061116244042,1.7513431135312543
1.5416666666666667,2.311000602342891
1.8355262630146796,3.5110508505221527
1.9856043429618413,3.299559116446947
1.858381485242886,1.5681817359780506
1.6081080146465696,1.0218234734958545
1.3421052631578947,1.5183947510102125
1.8730157316556144,1.3685333681313012
1.7409327133851356,1.0
1.9310344827586208,2.61016987688841
2.6711618704849722,1.5308123255613706
1.9519832974781983,1.7471396626360902
1.6204001718250198,1.4827586206896552
1.8035714285714286,1.0
1.2758620689655173,2.411290290886346
1.2745098039215685,2.22888876546319
1.74240821873122,1.5015707436626606
2.473684210526316,3.167744451093421
1.8295686969051363,2.6622574526107106
1.238538605952113,1.5392021956930866
1.6521739130434783,1.3195876442776762
1.8916256212999463,3.7245953777724976
1.454545255154835,2.2916666666666665
3.0009507270764564,2.2758620689655173
1.2758620689655173,2.413793103448276
1.6640139989009366,1.0174795245794441
1.7376643716877718,1.2758620689655173
1.7,3.5248685617998294
1.2455089996802025,1.0517799254379385
1.0930232558139534,1.1785714285714286
1.0433996119092963,3.115212452946712
1.6585367073184372,3.141476555507666
1.7623188145818522,4.0640001209558765
1.7432612141361779,1.7777778128803419
1.5839143691271667,2.7582159011130054
1.7932204832667529,3.578288011369454
2.500000101546698,2.3810550816948766
2.1806721695324143,4.4
2.3061225995216246,1.9741379976556055
1.896551724137931,2.790322625370986
2.2530120902913864,3.15082687617195
1.32,2.473684210526316
2.2358803764007953,2.4462808641401197
3.2043218802007827,3.0833333333333335
1.0888888102980199,3.58571433764298
2.1792829006319807,1.2821317730745103
1.7446327375893795,1.0249998921040677
1.9642857142857142,2.601078719828239
1.775000026973983,4.1768953620759595
1.8412699186387542,1.5833333333333333
2.005558438833213,2.8974969991013704
2.8214285714285716,3.7598584138507025
1.6725522773604227,1.303030303030303
1.85,1.046153772463388
1.3743500595774218,4.310847134914144
1.7096774390029024,1.826086956521739
1.5833333333333333,2.9377110833230495
1.1273885299186879,1.0930232558139534
2.599576508977073,2.0250626458740286
1.1785714285714286,2.8969468452709792
2.185185207385997,3.3112703754504826
1.1651376466222783,2.5933074254676876
2.8449999424817953,1.6590910882309136
3.068230092128501,2.7457445039601525
1.8242680001344163,1.9218391527692862
1.904899087912771,4.683245897446118
1.0925926036929985,2.1191971702549557
2.4965516125546414,2.473684210526316
3.0,2.9912742057345123
3.669305513682712,2.7064991050915337
1.6029609781806797,1.7093903648825846
4.918368018760683,1.5
2.731437360591835,2.086613890598129
1.16,3.638136626861189
1.0,3.1275667752842646
1.963394311982811,1.4642857142857142
2.769726298110375,1.0357142857142858
2.1388889055394977,3.3751655750828076
1.5512026786953939,1.0
2.8181818181818183,2.1126126965343723
2.8457487065465226,1.9275363277359527
1.375,2.5
1.412048126047046,1.4743588341564344
1.5231923721256488,4.727272961609726
5.038313594375118,3.372712129361461
1.5126760601668348,1.9
1.5,2.178082054988456
3.028490075939799,1.9583333333333333
1.4482758620689655,1.927066523576314
1.1402116326505336,2.716049439317227
2.441203325113187,1.560975581847367
1.4838709059908783,2.2222224854914314
1.0357142857142858,1.9674682246633701
5.205149739603803,1.375
1.375,1.2727272727272727
2.09756068356545,1.6691177365231593
2.2822086724455755,2.0
3.5429043348534845,1.992700536252704
1.2545454545454546,3.294460412974334
1.3968718051415163,2.210526315789474
1.9491525521745736,3.4834361278670305
1.890995298133581,2.608695652173913
1.747312011705051,2.1981132118315507
4.106452005128886,2.652054756829101
1.9,1.1584606677985285
1.16,1.5709390866113415
1.9259260369299847,1.9144869568189442
1.62264146035444,1.8668539886954227
3.602100094178857,8.733331966651525
1.7399999454084962,5.5707965585091195
1.3737965100238092,3.2840235572155945
1.3378838771103512,3.3978002717225
3.955722024146439,5.126983728721567
2.5897436954455175,2.4804904857650283
1.4137931034482758,7.786301338670004
1.9682541041772939,7.790353793340054
2.3749998651300848,2.0205959105828732
1.9532970288113825,3.8397069838454154
2.182089588121067,6.040462087601527
1.7586206896551724,4.689832177097429
2.0833331209514396,4.698323927500352
3.4490909336903717,1.4914285332070074
1.0980392156862746,1.3318345183454692
2.0321932278292163,1.5381773052483887
1.1785714285714286,1.6539922031109424
1.5833333333333333,3.1481483257546423
1.6785714285714286,2.6058823539464315
1.8571428571428572,1.078137924504002
2.1518457737077825,4.682926901544775
1.65,2.4119317151881163
2.0357142857142856,8.565679091151338
1.4166666666666667,2.9333332614027117
1.8164557813673763,2.471428499932198
2.533333333333333,3.0423496462068895
1.9142856151976055,6.819555580772396
3.347017039240411,3.823824506113963
1.0,8.142857142857142
3.1482485496658397,2.3657656511656517
3.906474482025561,4.603447949745597
1.1379310344827587,3.366145267308822
1.4445935457060668,4.3814275432431495
2.736842105263158,3.3655397899341786
2.390761343710126,7.373480950088638
1.6098766203092882,2.5750363245467707
1.7894736842105263,2.496598801460704
1.1379310344827587,5.061268661930479
2.874999640143904,6.691854764597163
2.6079207196099485,2.2347931694158794
1.736842105263158,3.8872947154847584
1.653900678890255,1.3421052631578947
1.4827586206896552,1.1325968427380735
1.48578298626128,1.5806451612903225
2.201612973560771,6.064515442766487
1.272727310560343,1.8948655491630801
2.285714227687601,3.5208334487521236
2.4894118699380696,1.9247312484496426
1.111814407844502,1.1584606896925251
1.0077519259360297,1.7741934669879762
1.6785714285714286,1.9109413513839035
1.7959184265355776,1.858064552525417
1.5416666666666667,2.8495047411075993
1.8041071869676288,3.326530612244898
2.585365960219144,2.021608445008374
2.1612901569755376,2.6176471101581007
1.32,1.8999998921040677
2.375,1.8399998273665084
1.4665342213323542,1.6666666666666667
1.1379310344827587,3.598522422469014
1.831168800956592,5.910614639505545
3.14285702608068,3.5978646169028767
1.3571428571428572,4.231671671688117
4.212121212121212,2.756137506898838
2.3842239788093957,3.0072200032441514
2.267326884575727,2.1935008875225215
1.388889055394977,2.3257575240517125
2.3907288140776166,2.007645335017021
1.4902598989110136,2.776550497908724
1.7884615384615385,3.656791210893518
1.926767632106228,3.6363636363636362
2.310345003198179,1.7567566365658882
2.2692306614944395,5.375524468310225
1.6987447682592176,2.340057630918755
1.3414635558424008,3.2399448093550807
3.61216733095648,1.1785714285714286
3.3196201198868396,5.83130149725077
1.1136362438139153,1.8705037519560426
1.135135135135135,3.4791664630443755
1.500000033320012,3.6451612369921222
2.3933647467616477,1.9333332614027119
2.3482758541357964,2.6853581878880988
4.1999997683911205,1.8984928998177528
2.513812092821433,2.4660121251671976
1.202541785236261,8.405628751694765
1.0,8.362838456389738
1.5034482148509147,3.666667203301593
3.291304359886248,1.2702704397197038
4.647163115151662,2.4009009166004196
2.0285005394115467,2.830687842694783
1.9583333333333333,3.48
2.1,3.7266982275932965
5.636270075354536,2.6666665168111985
1.2727272727272727,3.913978155082729
2.104490646451783,2.564668773827935
1.7482182752954707,4.797468402158343
1.338414717751296,1.581469545898279
3.4471879663891,2.615507572855017
2.428571258876001,3.346391847886141
3.830522328459332,3.7999997654271374
2.4552238396546398,1.8387095090073957
2.3333333333333335,2.5945945204328655
1.6388886599430519,2.6059908407352763
1.8484848484848484,1.3530534622611854
2.0827585767521026,2.8636363636363638
2.6285712770744003,3.4464285396357384
2.210526315789474,1.6363636363636365
3.1991523469062138,1.452736328794255
2.115384320107298,4.041687400253457
1.3877552413483691,2.6608295541455527
3.022471573683376,2.050505143125159
2.1333336312017384,1.9228243735575592
2.121212121212121,1.9858489461178235
1.0,1.34375
2.9258720953087285,2.158192132326445
2.1591159867356216,3.453453119195687
3.307692140102462,2.496773990272648
2.8190475946695064,2.5785715060677594
3.1410735855045226,3.620444232114121
2.121212121212121,3.160130529191185
3.373540807888195,2.280335019316192
1.3660932034782047,1.096774216003317
4.13931452156162,1.96
2.7166898679411817,2.676020403515631
1.0740741628773212,3.389746506515306
3.2202379790448368,1.8160000647123764
2.3793103448275863,1.6473880870681392
2.127714384043551,2.5765767447538326
1.3358974294274633,2.311330024519635
1.4749998381561016,1.794871642599199
1.1379310344827587,1.378378427636931
2.269841146428103,2.6399998076369724
2.3611605449469537,1.2750001129535617
1.4262899673489657,3.177570183653525
1.1515151515151516,1.7304348129178304
2.3164793014962086,3.071160960932215
1.303030303030303,1.28
2.9999998583256957,3.64
2.125391818424744,2.55122433907216
2.3044775976173217,3.2504930542198887
1.9976797361336596,3.4952291689728114
3.076560413305462,2.0958905397579355
1.8814286035580146,3.969431056881709
1.5721153864899589,2.2700424664938117
2.2436781089470754,2.5859073312958865
1.9350649411687295,1.9565215012923296
1.1584606677985285,1.6643490882916165
1.2121212277868196,4.164638530242675
2.249999929675899,1.7941177357276288
2.4675927416125143,1.7999997842081357
1.934150228345701,1.6071428571428572
2.211129362439606,2.7430025038266046
2.4357977209299335,1.0223880604674809
2.8468469156228715,1.0
2.1666666666666665,2.6086956441116045
4.210449721937418,4.332423781075196
2.4496358368438047,1.8
2.10000007336924,2.5019530872995164
4.055421902025071,1.0514404291374948
1.2857142857142858,1.7692307692307692
1.2656586527523697,2.5492961385104342
2.372160878904085,2.4831252029182527
3.0114126666192322,1.2686131384970374
2.3,1.2913198336701799
2.480144402514203,1.1442392100084737
2.3157894736842106,1.7692307692307692
2.8823529411764706,2.2712329751453746
1.1333333333333333,4.8305256972437505
4.89089229437683,1.243902432605834
1.020547944749221,2.950391543062063
2.311475290632635,3.031817931143418
1.6942567820098593,3.6363632128051884
1.695431536271515,3.017804085788956
1.7286012999660059,2.2208588134708718
2.060092179568397,2.7651057406728086
2.107842979592493,3.706369167562967
1.841897013931893,1.9856612655777366
1.6369638273211895,1.7467190765304237
2.0049505537586945,1.7272727272727273
5.14947675247058,2.8210333058606736
2.6443087890760917,2.0
2.185185207385997,3.7767438868184366
1.21538467181504,1.0791984295725776
5.893089974893101,2.425712141037242
1.2114049007167165,1.9570957697716798
1.1666666666666667,1.4864865081602496
1.75,1.7042553296074008
1.8622621959346977,2.5505051457885717
2.932384339665702,1.9630606738766805
3.4685449455393162,2.8860761631720337
2.9141272101768454,2.4445574417304816
3.6211761351988305,2.352445126282629
2.4065656017807124,1.8133974706671614
1.9646018137855978,1.96
1.0008889415669078,3.131867977385982
3.340441938139064,2.430067511734736
3.89282877557977,1.4615384615384615
1.915887755034404,2.4166666853986003
2.9545454545454546,2.2680477037002156
2.63772957995974,2.9532394418447256
3.314861603949071,1.1613566052093947
3.87711007318273,2.4437691143040774
1.9590164240079992,3.512820501685714
2.6320755706461196,1.1724137018841119
1.8095238095238095,2.3807375275048366
2.5837105967705103,1.7755100371069013
1.5714287542126397,1.787115021285161
1.2413163060294952,1.45278221411796
3.195993986382519,1.942857206603726
1.3930886426411098,1.4571428380177072
2.4545454545454546,1.5454545343082713
2.034482611081657,1.53125
1.4482760087631716,1.3030720366280488
1.9328536538166137,1.1310733280325915
3.3583814979562066,2.6778784751094227
3.5274115777375994,2.057504994666941
2.224137990622232,1.9439998704634673
1.2349468990318506,1.6428571428571428
1.9090909090909092,1.6153846153846154
1.6923076923076923,1.6547487430741603
2.298543519180892,2.536817111672329
1.5850814669256612,3.121212073125545
2.8823529411764706,1.0270269856498397
2.6363636363636362,2.6666666666666665
3.4911594892507574,2.074712482782204
2.188524644728331,1.296218614568994
1.5714285714285714,2.537807326590143
1.5743242162594422,2.24
2.2385788136193394,3.72727237142612
2.1683938963765015,4.790209853677362
2.4330484625413207,2.418699254335287
3.1089867688731667,1.8322475345920084
2.493197192576886,2.6170484500909184
3.426923194351377,2.4074074962106544
3.8181816132601067,1.904073478941711
2.1271056963724484,3.148106905215007
2.5043480300490164,2.547987309108193
3.044811015411386,2.238095388542457
5.405298187490238,1.9625668771962816
4.238095241153513,4.304655698927496
3.239436994129762,2.1724137931034484
1.441540592016893,2.496232662652032
1.0510204938155678,1.040462512940899
3.6574583969002927,2.25000014768114
5.265813798833195,1.0
3.5152225529569776,1.7886854391654703
6.63667889302252,1.2879376640851934
3.0449440376996515,1.68
1.8421052631578947,3.0548119317430706
3.765864231722836,5.743590000536275
1.5869563203265964,1.306064935640454
1.8764368489494234,2.9661018026789465
1.1153846153846154,1.1142857142857143
3.0382410858962223,3.054230065767736
2.612043373151233,1.2549018072991385
3.689256041473773,2.5294119649911333
3.0,2.301608555583216
1.867187780486787,1.514326694203832
3.0210525166825817,2.068429359283665
5.7304581731185325,1.4242425357051804
1.105263157894737,2.03832776630754
2.724752443715786,3.094234776509088
4.066666675143773,6.287379271860455
1.910256605513597,2.840989607321289
3.590909090909091,2.7183675402917045
2.172268974949903,1.0517241956636996
6.959746343855096,3.362609515173474
1.7666666666666666,2.9259262367372907
2.194511815058118,3.0110129384180033
5.958748043216391,1.116279145627219
2.12140572751392,1.5869565217391304
1.135135135135135,1.9258247733299259
3.7575759612286554,3.479921839420201
1.2692307692307692,2.1453635412790817
3.0711052754336174,3.901553853526519
3.2941176470588234,1.111940371962404
2.1372997761078203,5.435045484850273
2.066014675097961,2.6666666666666665
3.055000029533741,3.066666666666667
1.3985506224380397,2.907578075665494
2.0,1.5557633584279826
2.8854959226446764,1.72
4.243506519870924,2.7610000220736493
1.3524337640862927,2.0313809577592883
3.416510546527059,3.639878168126219
2.3694010619419865,2.466494986982132
2.650214540709075,1.0855513618518529
1.9424892720477083,2.8034322132344323
2.3933649789928997,2.459627353082944
2.8333334780649158,2.3055555397471013
1.8095238095238095,2.380952380952381
2.0705882582609516,2.031048773728819
1.7610924298217672,2.531890375269302
3.3171641104652867,1.9319899688316144
4.8127090229186456,2.2024541413827508
2.025000116050108,1.667869987213189
3.90261276366598,2.633707926338853
3.383734253658634,3.357812704971476
1.6752296318652333,1.8810732316775503
2.0,2.0845588240514283
4.926863508271419,4.44
3.61205227769133,3.0907049842528056
1.7191012131585965,1.9520296455560935
2.348837249354853,2.7444280158314434
1.0,2.1799598422406548
3.416879996234102,3.282257809266759
1.413173899328251,2.119730359939191
3.5213905660295053,4.839847058490434
1.291609317783126,1.6612901961518298
4.71428602622976,1.9444444444444444
3.134025114502708,1.8092485607126436
1.1584606677985285,1.9093853071873244
3.9488980801476994,4.1354164652001195
2.7999999051275704,3.7476636939405976
1.206896551724138,1.3782289793265654
3.686192987131618,5.635167772181632
2.5555555555555554,1.7635135915731686
1.463917457822715,1.760869751922316
2.088607542999989,3.2034429555227892
1.378378427636931,2.485548781591044
1.5609756161746546,2.1014318076850618
1.5238095238095237,2.213088039532489
1.5869566877446237,3.1086347868347963
2.2752810590388557,2.3749999067039753
1.485900334717961,2.3429256424158895
1.2624999346927825,2.2962966515092846
3.1714285714285713,1.6195122993254116
1.56,2.0
1.2125984937138492,2.5705520295012056
3.1732676243427016,6.333333132319783
1.3374999160335777,1.252427345874612
2.4008714051828135,2.0689655172413794
4.157895153134728,1.4219409692228553
1.0851064708975415,1.8275862068965518
1.9188231483412148,3.182715906959776
1.32084315104251,2.409090909090909
2.5615384160427923,2.866330824880598
2.5784192509696253,2.5324676356985685
2.08,1.1153846153846154
1.3125,3.104477365501858
1.61111100288217,3.1481483257546423
1.4,2.447619001215756
1.968503988130646,2.837899628934297
1.3827814578044682,3.3487939764427233
2.208920122495977,2.1935488703752237
1.1347825613228562,1.84
1.03125,3.7434063047020447
1.5332300987427443,2.206590391426126
2.1284916838175865,4.4
2.6159171092048834,2.2777778806942663
1.5483871080016585,3.4610774380478553
1.3170731514760363,2.9545454003842972
1.627530279016957,2.9844357602533824
1.1428571428571428,1.53125
3.412044494208117,1.3646678037780307
1.176895273564107,2.5294115593675963
1.7419352144118332,2.2266665927914944
3.1666666666666665,1.5635546077947093
2.02272729780639,3.386029283815331
2.024096311250495,1.4668675144762762
2.518750005692873,2.2529022046878815
3.1102813270978102,1.7284483006064277
2.3870967031848256,2.7127661315841487
2.2000001769445046,2.409090909090909
1.16,1.7739464144244912
1.6711956439060138,6.733666545183808
1.8421052631578947,1.3333333333333333
4.214285714285714,1.4798762203902813
3.168571259088075,2.1896034746259745
1.8979591526004373,1.629310227100874
1.7999999551024126,2.7630060765122777
1.6349811350300452,1.0172785039407681
2.388888888888889,1.7236925658377624
1.257220636484606,2.4279279184576628
2.1503758632018273,8.551875294993415
2.6540666673432622,1.28
2.090909090909091,2.3636363636363638
1.5173012626554787,1.3125
1.96875,1.9965516812166544
2.159999963605664,1.125
2.09375001900674,1.96
2.415254262546518,4.451889838278316
2.544421410952242,2.5731709164996484
1.8088236344142972,3.466666666666667
3.048048097119887,3.8697882255341627
2.0,3.017717732091463
2.1066669464111327,2.24
2.75,2.5067079973124597
1.8,2.2
1.3928571428571428,4.288352987610551
4.11111113465863,2.6451614980306815
1.7311827464011251,2.0
2.822660057447793,2.3656719079568878
2.2553192480669533,1.4473686059850874
2.0128439893029895,1.1584606896925251
2.802580523947513,2.4683392150475956
1.84,1.7916665852177502
1.1875,2.266666594736045
1.9734216246930167,2.688025395060012
1.6585367073184372,1.75
2.5238095238095237,2.5555555555555554
2.2058824229428646,2.5454545454545454
2.176628547390013,2.67201412849725
1.705882343607618,1.290953584962745
2.654122268322407,2.1702131059202214
2.797783454022557,2.2716980070779593
3.194608165373294,3.304761749016928
2.5425928402569355,4.1783783806186845
3.1600529919542417,3.1936579716792752
1.5510202482938416,2.3684210526315788
3.0385850853737395,2.5896783119449798
2.2439022238231945,1.3006438546137276
2.9826361314478347,1.8484851531497157
1.6428571428571428,1.0285714285714285
1.880434975984916,1.6329743321546395
1.9823009563980905,1.0411764745576209
1.4482758620689655,2.313580454383609
1.7910957327296906,2.019607782466912
4.471698200048787,1.1603005395450983
3.7752809222661847,2.24
2.25,1.4993598201688603
2.6690643621390078,4.39999954223627
2.2206097121517323,1.422310784309521
2.252808861128004,2.576776090151886
1.7727272727272727,1.4
1.6008230641525958,2.8991229332959856
1.362616651819147,2.098468202113877
3.1105992870967216,1.2745098399354085
1.1189426865604981,1.96
2.2139639753922844,1.36873766068458
3.579999868871761,4.229007812160185
2.311320792802315,2.227272727272727
4.4785995263396785,4.947368421052632
4.09081204426543,2.24
1.7560977984622197,1.159090962035712
2.0789981394298507,2.4858043042139184
1.5737704133369528,1.8391609166988978
1.7142857142857142,2.7535383605305768
1.3953488372093024,2.625120771019681
1.2083333426993002,1.7727272727272727
1.88888915529863,2.4513275261271414
2.9281557674720355,1.3281250156187556
1.4400000136478759,1.4285716173106935
2.703990919480759,1.1410525553786015
1.8994083475978276,1.3410596784367719
2.189014547771982,1.804674153133851
3.6602562278229156,4.120000178534356
1.1931756128657158,1.1914893617021276
1.72,2.772727272727273
2.2005649115901784,2.044654859717492
1.5483870878981032,2.312321183621526
2.147651189571181,2.885111163197415
2.48,1.4375
1.1969696821245195,1.5513865278626666
2.4680000264485296,1.3030304419604657
1.44,2.8888890772690408
2.2711864847855816,2.447028395458716
1.625,1.0952380952380953
4.735426126058888,2.3592813147185954
1.292253447444814,1.8684213197562376
1.6788898993657875,2.8366801794144574
1.8122064550364012,1.0952380952380953
1.790892709172033,3.3816964155568265
1.705882343607618,1.3191489581499198
2.1522631883829133,1.5026012305162058
1.40625,2.679960503307954
2.24,2.466083006665269
1.09375,1.969903040674888
1.2777777777777777,1.3448275862068966
2.6068736556231658,3.7430554414409034
1.6034913308487302,1.4545454545454546
3.142857142857143,1.9094527642932089
1.1142857142857143,2.8616067489744195
3.371529995609848,2.518867905855434
1.8324419772227443,1.423985956441978
1.1923076923076923,1.1142857142857143
1.28,1.6744188439012289
1.721649450866365,1.8221154304220217
1.7347826488076634,1.7863799376564395
2.679037122359466,2.0144927143502382
1.5675675321014095,2.6857142857142855
1.5128205128205128,2.8804879245151267
1.3026570818417995,3.3085106145286347
1.4545454545454546,2.1755249533408723
1.16,1.969697259500136
2.7666667089527412,1.3284884055036161
2.8205126365914217,1.1617647408695893
2.6334403717991464,2.6794874403211804
3.136456080790178,1.7727272727272727
1.1793103234511104,2.0794519680612726
1.32,1.764508357181059
1.12,1.4545454545454546
2.080497854569669,1.7783507099507887
2.948051956010322,1.855813863662106
2.2533334391126636,1.4999997752168146
1.9874214337275333,2.3614130491040775
1.4375,4.441687497556499
1.82142882420646,1.404040538896549
3.562232044045734,2.294117656392382
2.230769230769231,1.128272271529481
1.1428571428571428,3.413301255301
3.064516114997927,1.16
7.067391961385101,2.3452527271228565
2.9700595801067182,1.9090909090909092
1.9117647665504829,3.019704405041387
1.3142857142857143,2.6104218849002234
1.4545454545454546,2.24053715727991
2.812015276669888,1.9090909090909092
1.2346938863433903,2.942888016822508
2.0989011190465976,4.087719287106988
2.0863158553945045,1.4038461538461537
2.727272727272727,3.3164305535576872
1.4130982089120525,2.090909090909091
1.6153846153846154,2.0983606531239967
1.9194394719786585,1.7995339120264526
3.2261679560717798,3.6179706558608724
1.6593404634717923,2.206417014094607
1.1034482052999228,1.1751824876142944
1.2413793937364548,2.2699784972457473
3.234605854216996,1.0
1.7000000629392882,2.443207189553692
1.5675674265813846,1.3863636948815763
1.12,1.5581395646383707
2.210526315789474,2.5416668258881017
4.936709112776818,1.96
1.6363636363636365,2.5
2.563929959815576,1.0357142857142858
2.5417765317698593,2.2088495182612666
3.2666666666666666,2.5188680126641407
3.62500030760069,1.5802468569790695
1.601562540716283,2.323529453765719
2.28125,2.376884793349554
2.6333333951613893,1.0212766201665775
1.9536082649458353,1.6339521618324013
3.5,1.7705915073655845
1.9710843998333492,2.7770778778717933
1.660332545514405,1.5789473998299803
1.2424242944401953,2.465020690607234
1.28,1.6963535866295003
3.1664635824818927,1.639062569738148
1.0769230769230769,2.823529374430472
1.312149604714774,2.094736977777379
1.3184713141637514,1.8362925499674188
2.0784315908154842,1.7634405864148899
3.0089220088891757,2.204134575333748
1.1584606677985285,1.0769230769230769
3.487804681338101,1.1428571428571428
4.161764907080666,1.4482758620689655
2.384341550761731,2.354166662964443
8.819511676898822,1.829268112963354
5.178571493851449,1.3548387096774193
1.2220337741943337,2.230389988280045
16.234582627221098,1.3197366546994662
7.365912861857173,1.8322981245103191
3.5263155286511543,2.4444448446136993
6.020467475416968,2.380952380952381
3.1550803188886944,1.201278034170767
2.0531399345468984,1.9883177737024125
2.9725085917529177,3.0694366226133236
2.4813432922508625,1.2702702939143773
2.5228425901626093,1.5
4.878378310000745,2.576271088423769
2.396551581010452,3.0313349760404114
5.1489357683726,1.84
3.7481577860146604,2.536697270241966
1.5104167111752225,2.724196531567804
3.66794321995792,2.1707319095016193
2.1485355831934783,3.2607658161961592
5.352159653561443,1.8870967264845726
1.8367346547983519,1.8019941465563611
2.1150440004267566,2.5307689129267055
2.5897436485217353,1.2703703655388243
5.140350642282333,1.2777777777777777
9.545454545454545,1.9553991015578611
6.5232401386530405,1.2307692307692308
7.187499902382922,1.3579678273052282
2.5444839988338956,3.5683569589465236
4.51634009539284,2.135359103196423
2.0687022074841392,1.6380281875118898
2.572555276804011,2.0
2.9511888844147043,2.135802649606838
3.1456739544623797,1.528233237288328
1.3669065090492944,2.5087143544420214
2.474860413716047,1.498002743057376
4.228069959847912,2.8774193995803974
3.6899227442402687,3.0
4.437499395572431,2.2481389424069627
2.9356058544961448,1.0384615842406733
3.0672304341939745,3.1447371389415313
2.7027025570239283,1.4842407019545454
8.631205178207319,1.96
4.043222126635183,1.9206351164854123
5.944030287688703,2.681351001194066
3.7477344498215412,1.2
1.375,1.3870967031848256
1.1584606677985285,1.9661017746199627
,1.9090909090909092
,2.0298296409835683
,3.609792170832664
,1.5039371036916442
,3.813163402450924
,3.1428570607950235
,1.56
,1.4545454545454546
,2.399491277238104
,1.8103449324790384
,1.103448275862069
,2.593682041029739
,1.794871794871795
,2.411693127582009
,1.6153846153846154
,1.3921972138295997
,3.47169809868363
,1.469696967958957
,1.2195122143776185
,1.8124532958588468
,2.952586280543988
,1.84
,1.174999919078051
,1.409638530451987
,1.7272727272727273
,2.52
,1.7266436281610025
,2.806916481499791
,1.382352889841899
,3.0000003996146116
,1.8487468525964852
,2.6830509150555857
,1.0130111339879109
,2.0224300730390903
,1.5496452177878388
,1.2975460020111502
,2.122910286077746
,1.382352889841899
,1.969180900608008
,1.6318822374031743
,1.7179485962360217
,2.448176432465317
,1.8384880213528467
,1.731958552260771
,1.7727272727272727
,3.813271137868331
,2.9585253202592767
,1.9090909090909092
,1.670212966582996
,2.8579086936215665
,2.497167015109159
,1.52
,2.002816984200707
,1.8928571428571428
,1.337349412818141
,1.887931018483536
,3.0909090686165426
,3.522198698503692
,1.3898915595882704
,2.617524187406479
,2.1914533925113493
,2.86943602403727
,1.638889024287123
,2.683962234800142
,1.5294117155137126
,2.240601603633816
,2.5903615658073207
,2.7874395861545347
,1.5196079866016594
,3.89999994512342
,3.401408433144309
,1.1891892640621948
,1.5909090909090908
,3.7616163076866997
,1.454545343082712
,2.6399997924804373
,1.412698282012664
,2.639560257563427
,1.097345096120374
,3.8668009380356687
,2.2672413032060885
,3.114404812244526
,2.118694458059958
,5.000000158945745
,3.4166669101818026
,3.5342463063282192
,5.026631401744799
,1.9901755211239158
,2.396123786615847
,3.107391747334299
,1.7508650292737438
,3.0534944308517455
,2.2451923660959596
,3.040145991618608
,2.3545038177813415
,3.4166669101818026
,1.6539377819218524
,5.217948144930167
,1.1492028155258582
,2.112445461634089
,2.6206896551724137
,1.9444444444444444
,3.4434388505432962
,3.5625
,2.138888888888889
,1.25
,2.4999999657297383
,1.9290453964957859
,1.8645832186680302
,1.9166667977902012
,3.8678160119238263
,1.6618555978161553
,2.590909090909091
,2.5353417651270886
,2.8599998387967793
,2.096774128990464
,2.5062762258546525
,2.255172541425647
,2.4993946209914144
,2.574468083594412
,1.7727272727272727
,1.8235293744304721
,1.0898058042383671
,4.680926945242456
,1.4653060455138842
,4.368071132755359
,3.1749999190780507
,1.8393195403392844
,4.304635730697263
,2.448717889939803
,2.8333333707972
,2.1640160654148235
,2.2215907575748597
,2.5185187405266363
,2.359929091240572
,1.5301206622262526
,2.441964567681585
,3.509337944020973
,3.177945561220435
,3.3333333333333335
,2.85185187342716
,2.352059763739504
,1.25
,2.0
,3.4665423923282943
,2.6393444616723123
,3.52777799639791
,3.036144830263785
,2.1167846855592223
,3.1904761904761907
,1.1584606677985285
